$id,$revision,Text,Check_box,Date_and_time,Attachment,Number,Link
114,3,Những Thứ Em Chẳng Cần,sample1,2020-11-25T08:53:00Z,"Attachment-114/Screenshot_1604301233 (1) (1).png
Attachment-114/Screenshot_1604302937 (1) (1).png",2,https://zing.vn
113,3,Tiểu Tam,"sample1
sample2",2020-11-30T09:30:00Z,Attachment-113/Screen Shot 2020-07-06 at 9.30.54 AM (1) (1).png,1,https://kenh14.vn
112,3,Sọc Ngựa,,2020-11-26T10:30:00Z,"Attachment-112/Birthday Present (1) (1).docx
Attachment-112/Feedback (1) (1).docx
Attachment-112/Travel Plan (1) (1).xlsx",3,https://google.com
111,3,Neon Vua,sample1,2020-11-24T10:30:00Z,"Attachment-111/kuc.min (1) (1).js
Attachment-111/mobile-test (1) (1).js
Attachment-111/WHITE BOX TESTING (1) (1).pptx",3,https://google.com
110,3,Cầu Vồng,sample2,2020-11-01T12:30:00Z,"Attachment-110/1_1-2 (1) (1).pdf
Attachment-110/DataMapping_1119 (1) (1).xlsx
Attachment-110/Item_List (1) (1).png
Attachment-110/Khanh_22_20200701 (1) (1).zip",4,https://google.com
109,3,Mè Hổ,sample2,2020-11-22T12:30:00Z,"Attachment-109/A3AD99F7-92ED-4694-9F50-73574143A121 (1) (1).jpg
Attachment-109/Alo_2 2 (1) (1).pdf
Attachment-109/English Club (1) (1).pptx
Attachment-109/FannyWidget (1) (1).zip
Attachment-109/Growth+Feedback+&+Salary+Review+Guide (1) (1).pdf",5,https://google.com
108,3,Saparangkante,"sample1
sample2",2020-11-28T12:30:00Z,"Attachment-108/1596424594179 (1) (1).JPEG
Attachment-108/1596424672132 (1) (1).JPEG
Attachment-108/chromedriver_mac64 (1) (1).zip",3,
107,3,Unsalongmongte,,2020-12-01T11:00:00Z,"Attachment-107/bozuman (1) (1).png
Attachment-107/bug-1 (1) (1).png
Attachment-107/bug-2 (1) (1).png
Attachment-107/bug (1) (1).jpg
Attachment-107/bug (1) (1).png",5,
106,3,FireSkull,sample2,2020-12-01T11:00:00Z,"Attachment-106/Delivery_bundle (1) (1).js
Attachment-106/kintone-cli-0.1.6 (1) (1).zip
Attachment-106/Landscape (1) (1).pdf
Attachment-106/mobile-test (1) (1).js",4,https://genk.vn
105,3,Luffy,,2020-11-25T11:00:00Z,,,https://genk.vn
104,3,FireSkull,sample2,2020-12-01T11:00:00Z,,4,https://genk.vn
103,3,Unsalongmongte,,2020-12-01T11:00:00Z,,5,
102,3,Saparangkante,"sample1
sample2",2020-11-28T12:30:00Z,,3,
101,3,Mè Hổ,sample2,2020-11-22T12:30:00Z,,5,https://google.com
100,3,Cầu Vồng,sample2,2020-11-01T12:30:00Z,,4,https://google.com
99,3,Neon Vua,sample1,2020-11-24T10:30:00Z,,3,https://google.com
98,3,Sọc Ngựa,,2020-11-26T10:30:00Z,,3,https://google.com
97,3,Tiểu Tam,"sample1
sample2",2020-11-30T09:30:00Z,,1,https://kenh14.vn
96,3,Những Thứ Em Chẳng Cần,sample1,2020-11-25T08:53:00Z,,2,https://zing.vn